Editor,Suburb
SUSAN,UMNGENI
SUSAN,EMBOKODWE
SUSAN,NKANGALA
SUSAN,INANDA NU
SUSAN,TEA ESTATE
SUSAN,GUNJINI
SUSAN,LOWER TUGELA
SUSAN,REDCLIFFE
SUSAN,LUTHELE
SUSAN,AMATIKWE
SUSAN,EMONA
SUSAN,UMGABABA
SUSAN,PHOLA MISSION
SUSAN,NGONWENI
SUSAN,EMACHOBENI
SUSAN,BUFFELS DRAAI
SUSAN,WEWE
SUSAN,MATATA
SUSAN,LOWER MOLWENI
SUSAN,SENZOKUHLE
SUSAN,IQADI SP
SUSAN,MOLWENI
SUSAN,ETAFULENI
SUSAN,KWADABEKA
SUSAN,MAROMENI
SUSAN,CONGO
SUSAN,UPPER UKUMANAZA
SUSAN,ARMSTRONG HILL
SEELAN,QADI NORTH
SEELAN,CUPHULAKA
SEELAN,SIWENI
SEELAN,EMVINI
SEELAN,MOPHELA NORTH
SEELAN,UTHWEBA
SEELAN,DIMANE
SEELAN,MLAHLANJA
SEELAN,SITHUMBA
SEELAN,DENGE
SEELAN,UMGENI
SEELAN,MKHOLOMBE
SEELAN,NTUKUSO
SEELAN,BHOBHONONO
SEELAN,CIBANE
SEELAN,AMATATA
SEELAN,MSHAZI SKHAMBANE
SEELAN,MSHAZI
SEELAN,CAMPERDOWN RURAL
SEELAN,QHODELA
SEELAN,MSUNDUZI
SEELAN,IMBOZAMO
SEELAN,NONOTI
SEELAN,AMALANGA
SEELAN,MNGCWENI
SPHE,ODIDINI
SPHE,KWAFAKAZI
SPHE,EZIMWINI
SPHE,EMBOTHIMUNI
SPHE,OGAGWINI
SPHE,KWASUNDUZWAYO
SPHE,NTUKWINI
SPHE,NTWEKA
SPHE,KWA-RWAYI
SPHE,ITSHEHLOPHE
SPHE,MASHIWASE
ZAMA,NKOMOKAZI
ZAMA,UMBUMBULU
ZAMA,KWAMGAGA
ZAMA,UMLAZI-J
ZAMA,UMLAZI-BB
SNOBANI,MOPHELA
